id,last_name,first_name,email,password,phone_number,profile_picture,user_role
1,Nathan,Hallez,nathan.hallez.etu@univ-lille.fr,moi,0606060606,USER
2,Admin,Admin,admin@localhost.net,moi,0101010100,ADMIN
3,Ilyes,Lekehal,ilyes.lekehal.etu@univ-lille.fr,moi,0601010101,USER
4,Strother,Annotée,sstrother3@netvibes.com,"gT4=X`*P|H""1?$",0162355604,USER
5,Struis,Esbjörn,bstruis4@census.gov,oJ5!@MMC,0378130855,USER
6,Rouke,Lén,trouke5@bloglines.com,bR0<aapM`_#l0kW,0805733669,USER
7,Moyce,Bérangère,emoyce6@biblegateway.com,jT1(\a2yQgwU,0758315868,USER
8,Wrefford,Gisèle,rwrefford7@domainmarket.com,zZ4&t~Ly~5GTa,0543530635,USER
9,Nelissen,Camélia,onelissen8@gov.uk,fO3==EEs?t@8,0375441338,USER
10,Woolens,Solène,kwoolens9@cnn.com,qY2@$)51LEghe{_,0628374615,USER
11,Cunio,Gaïa,hcunioa@booking.com,dW9_w)7HL3!_)l,0217990081,USER
12,Dainton,Valérie,sdaintonb@lycos.com,lG4%tKJ=yP,0217990082,USER
13,Errichiello,Daphnée,cerrichielloc@example.com,mA1B4Ny7,0217990083,USER
14,Vigietti,Aí,dvigiettid@php.net,xE2(|C65,0625330235,USER
15,Elner,Zhì,belnere@vinaora.com,yL9@E)taFbZp,0443972801,USER
16,Tofano,Léonore,dtofanof@drupal.org,"jE1~0)G!/)""c>",0793446036,USER
17,Marousek,Maëline,nmarousekg@biglobe.ne.jp,wK7)11LT1ez\)ie,0746486364,USER
18,Messenger,Maï,vmessengerh@skyrock.com,wU1+1%y6TLoj,0821377015,USER
19,Clissell,Yú,sclisselli@elpais.com,kJ3%GiIST.b7.,0344992541,USER
20,Lorraine,Bénédicte,clorrainej@forbes.com,"wE8.F$Wm"".cm",0887130020,USER
21,Ortiger,Garçon,fortigerk@xinhuanet.com,pS2+{XX*a!Vko,0970231814,USER
22,Selcraig,Marie-ève,aselcraigl@stumbleupon.com,"kV0~""WfLHk>M(HY",0970231816,USER
23,Lerven,Marie-josée,blervenm@360.cn,hX0O3|j2&VH#F3,0970231817,USER
24,Btham,Kù,dbthamn@newsvine.com,sT9u1246794834,0343498642,USER
25,Vedenisov,Uò,avedenisovo@telegraph.co.uk,bQ8}tQi6rs3,0343498644,USER
26,Pattle,Marie-thérèse,wpattlep@wufoo.com,iA8`8P.ghb,0343498645,USER
27,Kleinbaum,Estée,lkleinbaumq@army.mil,hH6.O=8rO,0751571125,USER
28,Crevagh,Fèi,rcrevaghr@parallels.com,iL7~ZdO/{,0940538756,USER
29,Storrie,Maëlle,gstorries@163.com,yR8(1%kzk%9<5S,0988701471,USER
30,Asson,Åslög,cassont@i2i.jp,wG9+q7<81&`M,0257763969,USER
31,Cathery,André,wcatheryu@vinaora.com,tP2@)/g}X%1,0801372803,USER
32,Huriche,Yáo,ahurichev@hhs.gov,pG0(xM@~/nq`,0204455938,USER
33,Ervine,Desirée,gervinew@trellian.com,tM6!ocw7,0670189952,USER
34,Kuzma,Néhémie,rkuzmax@spotify.com,tZ6@K1?fqnS,0670189954,USER
35,Mates,Edmée,imatesy@hp.com,oT0`Wp09D%4,0401710783,USER
36,Oliveti,Noëlla,lolivetiz@marriott.com,"kW4""owM1",0759977698,USER
37,Stollery,Géraldine,bstollery10@webeden.co.uk,mZ8_'CtK,0999901484,USER
38,Mompesson,Françoise,gmompesson11@lycos.com,"hA4*wa""'E",0913744164,USER
39,Joderli,Marie-hélène,ajoderli12@discovery.com,zE3(hh`9b6.>x=p@,0136971390,USER
40,Prestige,Personnalisée,aprestige13@yellowpages.com,zG1_>m+n_N,0758775306,USER
41,McCrae,Lucrèce,amccrae14@telegraph.co.uk,zP3|}RQC5uf,0758775305,USER
42,Rosenschein,Méryl,grosenschein15@usgs.gov,"pO8#').~2""",0724386352,USER
43,Westfield,Marylène,hwestfield16@devhub.com,cY3~DJ9u{+7VC',0734779606,USER
44,Shwalbe,Magdalène,cshwalbe17@hostgator.com,gV7??NkJcR>LdUcH,0632283217,USER
45,Cullerne,Maëlle,dcullerne18@columbia.edu,eN9\fbK@f>'hVE,0632283219,USER
46,Margetson,Solène,hmargetson19@guardian.co.uk,lX3!JJg'_DZ*m?0|,0234183201,USER
47,Gettings,Yáo,rgettings1a@usnews.com,eI9.UI3u,0724181921,USER
48,Whithorn,Salomé,swhithorn1b@wiley.com,aK1(2bSPlt,0650668378,USER
49,Casserley,Åslög,ccasserley1c@shinystat.com,hB0=V'+I),0650668371,USER
50,Phinnessy,Léonie,pphinnessy1d@mapy.cz,lR0@C*Bf8)PeILlP,0994677724,USER
51,Simonnot,Cléa,csimonnot1e@mayoclinic.com,lG0*iw>+Bzzrb8,0173940362,USER
52,Bointon,Styrbjörn,mbointon1f@oaic.gov.au,fN5(gM2i,0854796719,USER
53,Eliet,Méng,seliet1g@microsoft.com,"tO3""\f2jB+",0426755516,USER
54,Paulucci,Angèle,tpaulucci1h@unesco.org,kM1}rf_Cj@eP!,0845248090,USER
55,Checci,Léonore,dchecci1i@fc2.com,lI1#10yj,0870846392,USER
56,Hassell,Célestine,lhassell1j@google.com.br,fH0_9M>I,0845248091,USER
57,Beardsell,Renée,kbeardsell1k@statcounter.com,mL3'MrXd(,0874637652,USER
58,Braundt,Mégane,cbraundt1l@patch.com,lQ4+QF|j,0232521726,USER
59,Greathead,Örjan,ggreathead1m@artisteer.com,"kM1""B1fi>",0407978338,USER
60,Schrir,Mélodie,kschrir1n@miibeian.gov.cn,pX4%a2289`+d=.1<,0245102915,USER
61,MacCrackan,Gaïa,rmaccrackan1o@amazon.de,dQ7(g%>o8,0425484904,USER
62,Rabjohn,Mårten,frabjohn1p@examiner.com,oE6+*)28ZD6Zhnl>,0413749433,USER
63,Le Fevre,Lài,ilefevre1q@blogger.com,eV0\ga30zJym,0880642194,USER
64,Kidstoun,Almérinda,mkidstoun1r@theatlantic.com,lS9{K3T_,0300242282,USER
65,Dunne,Adélie,hdunne1s@census.gov,lY5_uMzqg<,0976333763,USER
66,Courage,Marie-ève,ecourage1t@si.edu,nP6*9666JLZ*,0205627707,USER
67,Barwise,Styrbjörn,hbarwise1u@chicagotribune.com,xO2<BUA)q(Ud,0157586974,USER
68,Sporner,Publicité,rsporner1v@house.gov,sO5++|d*y6Ins2,0953853434,USER
69,Pirri,Måns,mpirri1w@ed.gov,pN4|kNfmXIzAGfr,0796350259,USER
70,Ashman,Géraldine,mashman1x@google.cn,sZ9+?Mh#Yw,0895750728,USER
71,Barcke,Maï,rbarcke1y@comcast.net,uK2|}Ax8,0105296121,USER
72,Pahlsson,Clélia,apahlsson1z@cocolog-nifty.com,bS3@5%.g,0246423903,USER
73,Stigers,Médiamass,dstigers20@statcounter.com,qB6(Iy(%*6U,0913330133,USER
74,Bailiss,Kuí,cbailiss21@twitpic.com,kF6@v6}Z?H(uE,0132888025,USER
75,Sumpton,Béatrice,vsumpton22@opensource.org,aP1|qOEol0d~=k,0132888026,USER
76,Hagart,Aí,whagart23@jalbum.net,lU1&3w7%Kkl_y,0423358114,USER
77,Maasze,Jú,fmaasze24@forbes.com,bL3>K3XP,0570997305,USER
78,Houlaghan,Camélia,whoulaghan25@discovery.com,oC4(4JTI,0904930837,USER
79,Mackro,Nuó,amackro26@wp.com,bN0/Cu=3,0935725450,USER
80,Allonby,Lài,gallonby27@istockphoto.com,tY5{3F4fO,0570844322,USER
81,McNuff,Mélanie,pmcnuff28@hud.gov,"mJ8.8=q""R0",0235573226,USER
82,Caulton,Noëlla,bcaulton29@ifeng.com,vA8$I2eCfuh4,0542646935,USER
83,Zanussii,Marie-thérèse,dzanussii2a@bigcartel.com,vP1@~hva>,0538469575,USER
84,Allen,Maëlla,callen2b@umich.edu,wC6*DY+qgW6/,0551144551,USER
85,Banting,Aurélie,cbanting2c@bloglovin.com,nA6$N|b?F2Or,0926696942,USER
86,O'Neal,Léonie,joneal2d@sitemeter.com,zG3>$x*hYC6,0244950346,USER
87,Kedslie,Anaé,dkedslie2e@freewebs.com,wL1+=4\gR.,0573184850,USER
88,Cortez,Liè,gcortez2f@blogspot.com,gN2=wFy_o,0223108223,USER
89,Hawlgarth,Océane,chawlgarth2g@japanpost.jp,qM9>EmL}>Tij,0578822910,USER
90,Mcettrick,Loïca,rmcettrick2h@yahoo.co.jp,kQ3?Tnj@F|J,0161332074,USER
91,Sexstone,Vénus,lsexstone2i@nationalgeographic.com,tB7*s$pRW,0431582139,USER
92,Hebbs,Anaël,phebbs2j@indiegogo.com,uF0_o*C&{3g,0413956707,USER
93,Camber,Ruì,pcamber2k@alexa.com,yP1}K<n+M4C8C,0714961840,USER
94,Marson,Maïlis,pmarson2l@fc2.com,nY4!A+g&UZz|f,0966974405,USER
95,Dallman,Dù,mdallman2m@ftc.gov,bW9%$TSW08,0546370975,USER
96,Siaspinski,Léone,msiaspinski2n@multiply.com,eN35411363473,0546370977,USER
97,Bodechon,Renée,abodechon2o@mac.com,dK6+Z{7cm3oc@MZC,0778879023,USER
98,Dotterill,Pénélope,ndotterill2p@princeton.edu,"cD8""y9=Yl/(|",0891881215,USER
99,Timbs,Angèle,wtimbs2q@stanford.edu,"eX2=HPa""s",0789596413,USER
100,Lorkings,Maïté,llorkings2r@tripod.com,tJ5<#..j,0666874605,USER
